{
  "swagger": "2.0",
  "info": {
    "description": "This window enables to test the Factory Calendar services.  You can find out more about     Swagger at [http://swagger.io](http://swagger.io) or on [irc.freenode.net, #swagger](http://swagger.io/irc/).      For this sample, you can use the api key `special-key` to test the authorization     filters.",
    "version": "1.0.0",
    "title": "oFlow - Factory Calendar",
    "termsOfService": "http://swagger.io/terms/",
    "contact": {
      "email": "apiteam@swagger.io"
    },
    "license": {
      "name": "Apache 2.0",
      "url": "http://www.apache.org/licenses/LICENSE-2.0.html"
    }
  },
  "host": "oflow-api-dev.iff.com",
  "basePath": "/",
  "tags": [{
      "name": "plant",
      "description": "All services under plant",
      "externalDocs": {
        "description": "Find out more",
        "url": "http://swagger.io"
      }
    },
    {
      "name": "calendar",
      "description": "All services under Factory Calendar"
    }
  ],
  "schemes": [
    "http"
  ],
  "paths": {
    "/plant": {
      "get": {
        "tags": [
          "plant"
        ],
        "summary": "Get all plants under oflow",
        "description": "Multiple status values can be provided with comma separated strings",
        "operationId": "getPlants",
        "produces": [
          "application/xml",
          "application/json"
        ],
        "parameters": [],
        "responses": {
          "200": {
            "description": "successful operation",
            "schema": {
              "type": "array",
              "items": {
                "$ref": "#/definitions/IPlant"
              }
            }
          },
          "400": {
            "description": "Invalid status value"
          }
        },
        "security": [{
          "petstore_auth": [
            "write:pets",
            "read:pets"
          ]
        }]
      }
    },
    "/plant/{id}": {
      "get": {
        "tags": [
          "plant"
        ],
        "summary": "Find plant by ID",
        "description": "Returns a single plant info",
        "operationId": "getPlantInfo",
        "produces": [
          "application/xml",
          "application/json"
        ],
        "parameters": [{
          "name": "id",
          "in": "path",
          "description": "ID of plant to return",
          "required": true,
          "type": "integer",
          "format": "int64"
        }],
        "responses": {
          "200": {
            "description": "successful operation",
            "schema": {
              "$ref": "#/definitions/IPlant"
            }
          },
          "400": {
            "description": "Invalid ID supplied"
          },
          "404": {
            "description": "Pet not found"
          }
        },
        "security": [{
          "api_key": []
        }]
      }
    },
    "/plant/department": {
      "get": {
        "tags": [
          "plant"
        ],
        "summary": "Get all plants under oflow",
        "description": "Multiple status values can be provided with comma separated strings",
        "operationId": "getPlants",
        "produces": [
          "application/xml",
          "application/json"
        ],
        "parameters": [],
        "responses": {
          "200": {
            "description": "successful operation",
            "schema": {
              "type": "array",
              "items": {
                "$ref": "#/definitions/IDepartment"
              }
            }
          },
          "400": {
            "description": "Invalid status value"
          }
        },
        "security": [{
          "petstore_auth": [
            "write:pets",
            "read:pets"
          ]
        }]
      }
    }
  },
  "securityDefinitions": {
    "petstore_auth": {
      "type": "oauth2",
      "authorizationUrl": "http://petstore.swagger.io/oauth/dialog",
      "flow": "implicit",
      "scopes": {
        "write:pets": "modify pets in your account",
        "read:pets": "read your pets"
      }
    },
    "api_key": {
      "type": "apiKey",
      "name": "api_key",
      "in": "header"
    }
  },
  "definitions": {
    "IPlant": {
      "type": "object",
      "properties": {
        "PlantID": {
          "type": "integer",
          "format": "int64"
        },
        "PlantName": {
          "type": "string"
        },
        "SiteName": {
          "type": "string"
        },
        "PlantType": {
          "type": "string"
        },
        "Region": {
          "type": "string"
        },
        "BusinessUnit": {
          "type": "string"
        },
        "Country": {
          "type": "string"
        },
        "City": {
          "type": "string"
        }
      },
      "xml": {
        "name": "Order"
      }
    },
    "IDepartment": {
      "type": "object",
      "properties": {
        "DepartmentCode": {
          "type": "string"
        },
        "DepartmentName": {
          "type": "string"
        },
        "CreatedBy": {
          "type": "string"
        },
        "CreatedOn": {
          "type": "Date"
        },
        "UpdatedBy": {
          "type": "string"
        },
        "UpdatedOn": {
          "type": "Date"
        }
      },
      "xml": {
        "name": "Category"
      }
    },
    "IFactoryCalendarOverride": {
      "type": "object",
      "properties": {
        "PlantID": {
          "type": "integer"
        },
        "PlantCode": {
          "type": "string"
        },
        "OverrideDate": {
          "type": "Date"
        },
        "DepartmentCode": {
          "type": "string"
        },
        "DayIndicator": {
          "type": "string"
        },
        "IsActive": {
          "type": "string"
        },
        "CreatedOn": {
          "type": "Date"
        },
        "CreatedBy": {
          "type": "string"
        },
        "UpdatedOn": {
          "type": "Date"
        },
        "UpdatedBy": {
          "type": "string"
        }
      },
      "xml": {
        "name": "Tag"
      }
    },
    "ApiResponse": {
      "type": "object",
      "properties": {
        "code": {
          "type": "integer",
          "format": "int32"
        },
        "type": {
          "type": "string"
        },
        "message": {
          "type": "string"
        }
      }
    }
  },
  "externalDocs": {
    "description": "Find out more about Swagger",
    "url": "http://swagger.io"
  }
}
