{
  "Config": {
    "Port": 50600,
    "DBConnections": {
      "default": {
        "user": "oFlowDevuser",
        "password": "#7ZNbeba9fHG",
        "server": "oflowdev.cwm3ubatqbgi.us-east-1.rds.amazonaws.com",
        "database": "oflow_poc",
        "requestTimeout": 300000,
        "dbType": "mysql",
        "port": 3306,
        "maxConcurrent": 100,
        "dialectOptions": {
          "ssl": "Amazon RDS"
        }
      }
    },
    "OktaConfig": {
      "url": "http://iff.okta.com/oauth2"
    },
    "AppSettings": {
      "defaultTotalRecords": 10,
      "exclude": [
        "/image",
        "/info",
        "/users"
      ]
    },
    "AppConfig": {
      "name": "oFlow Seed",
      "version": "1.0.0"
    },
    "MDR": {
      "product": {
        "url": "https://ion.iff.com/api/v1/products/"
      },
      "user": {
        "url": "https://ion.iff.com/api/v1/users/"
      }
    }
  }
}
